page_type,page_slug,sport,age,section,product_or_item,specificity,notes
article,11-12-helmet-upgrade,football,11-12,intro,helmet,generic,
article,11-12-helmet-upgrade,football,11-12,intro,helmets,generic,
article,11-12-tune-up,multi-sport,11-12,intro,ball,generic,
article,13-14-bat-drop,baseball,13-14,intro,bat,generic,
article,13-14-bat-drop,baseball,13-14,intro,bats,generic,
article,13-14-cost-benefit,multi-sport,13-14,intro,ball,generic,
article,13-14-sportsmanship,multi-sport,13-14,intro,goal,generic,
article,15-plus-game-management,multi-sport,15-plus,intro,ball,generic,
article,15-plus-skate-baking,hockey,15-plus,intro,socks,generic,
article,15-plus-skate-baking,hockey,15-plus,intro,shin guard,generic,
article,15-plus-skate-baking,hockey,15-plus,intro,skates,generic,
article,15-plus-skate-baking,hockey,15-plus,intro,insoles,generic,
article,15-plus-volunteer-team,multi-sport,15-plus,intro,shirt,generic,
article,15-plus-walking-away,multi-sport,15-plus,intro,sticks,generic,
article,15-plus-walking-away,multi-sport,15-plus,intro,ball,generic,
article,15-plus-walking-away,multi-sport,15-plus,intro,goal,generic,
article,5-year-old-glove,baseball,5-7,intro,glove,generic,
article,5-year-old-glove,baseball,5-7,intro,goal,generic,
article,8-10-cleat-conversation,soccer,8-10,intro,cleats,generic,
article,8-10-cleat-conversation,soccer,8-10,intro,shoes,generic,
article,8-10-cleat-conversation,soccer,8-10,intro,jersey,generic,
article,8-10-cleat-conversation,soccer,8-10,intro,socks,generic,
article,8-10-cleat-conversation,soccer,8-10,intro,shin guards,generic,
article,8-10-practice,multi-sport,8-10,intro,cone,generic,
article,8-10-practice,multi-sport,8-10,intro,water bottle,generic,
article,car-kit,multi-sport,all-ages,intro,shoes,generic,
article,car-kit,multi-sport,all-ages,intro,socks,generic,
article,car-kit,multi-sport,all-ages,intro,mouthguard,generic,
article,car-kit,multi-sport,all-ages,intro,towel,generic,
article,car-kit,multi-sport,all-ages,intro,bag,generic,
article,car-kit,multi-sport,all-ages,intro,athletic tape,generic,
article,car-kit,multi-sport,all-ages,intro,tape,generic,
article,coaching-your-own-kid-in-front-of-the-team,baseball,8-10,Three habits that worked for me,adult to,generic,
article,first-parent-meeting,multi-sport,all-ages,intro,cleats,generic,
article,first-parent-meeting,multi-sport,all-ages,intro,shoes,generic,
article,first-parent-meeting,multi-sport,all-ages,intro,Jersey,generic,
article,first-parent-meeting,multi-sport,all-ages,intro,shirt,generic,
article,first-practice-plan,multi-sport,5-7,intro,ball,generic,
article,first-practice-plan,multi-sport,5-7,intro,balls,generic,
article,night-before-tryouts,multi-sport,11-12,intro,shoes,generic,
article,night-before-tryouts,multi-sport,11-12,intro,water bottle,generic,
article,night-before-tryouts,multi-sport,11-12,intro,towel,generic,
article,night-before-tryouts,multi-sport,11-12,intro,bag,generic,
article,rec-ball-5-7,multi-sport,5-7,intro,ball,generic,
article,rec-ball-5-7,multi-sport,5-7,intro,goal,generic,
article,tee-ball-strikeouts,baseball,5-7,intro,bat,generic,
article,tee-ball-strikeouts,baseball,5-7,intro,bats,generic,
article,tee-ball-strikeouts,baseball,5-7,intro,ball,generic,
article,tee-ball-strikeouts,baseball,5-7,intro,balls,generic,
article,the-13-to-14-quit-mid-season-call,multi-sport,13-14,intro,stick,generic,
article,the-5-to-7-lineup-card-fair-rotation-in-three-minutes,baseball,5-7,intro,bats,generic,
article,the-5-to-7-meltdown-after-a-strikeout,baseball,5-7,intro,bat,generic,
article,the-8-to-10-game-day-when-to-call-timeout,soccer,8-10,intro,ball,generic,
article,the-8-to-10-tryout-the-four-things-coaches-evaluate,multi-sport,8-10,intro,ball,generic,
article,the-90-second-rule,multi-sport,8-10,What I am trying to do instead,bat,generic,
article,the-90-second-rule,multi-sport,8-10,What I am trying to do instead,ball,generic,
article,the-first-parent-email-of-the-season,multi-sport,all-ages,intro,youth levels,generic,
article,the-missing-rec-layer,multi-sport,13-14,intro,adult leagues,generic,
article,the-missing-rec-layer,multi-sport,13-14,What the country has,youth rec,generic,
article,the-missing-rec-layer,multi-sport,13-14,What the country has,ball,generic,
article,the-missing-rec-layer,multi-sport,13-14,What to do as a parent,cones,generic,
article,the-night-before-tryouts-5-to-7,multi-sport,5-7,intro,youth sports,generic,
article,the-pre-game-conversation-isnt-strategy,multi-sport,8-10,What it sounds like by activity,ball,generic,
article,the-pregame-snack-at-11-to-12,multi-sport,11-12,intro,stick,generic,
article,the-real-job-of-youth-sports,multi-sport,all-ages,intro,Youth sports,generic,
article,the-real-job-of-youth-sports,multi-sport,all-ages,One. Have a ton of fun.,ball,generic,
article,the-real-job-of-youth-sports,multi-sport,all-ages,A note on the recruiting math,youth experience,generic,
article,the-real-job-of-youth-sports,multi-sport,all-ages,What we do here,GameChanger,specific,
article,the-real-job-of-youth-sports,multi-sport,all-ages,What we do here,shoes,generic,
article,the-real-job-of-youth-sports,multi-sport,all-ages,What we do here,caps,generic,
article,three-drives-one-relationship,multi-sport,all-ages,intro,ball,generic,
article,three-drives-one-relationship,multi-sport,all-ages,intro,balls,generic,
article,three-drives-one-relationship,multi-sport,all-ages,Why tee-ball matters here,bats,generic,
article,three-drives-one-relationship,multi-sport,all-ages,Coach the team. Keep the kid.,youth sports,generic,
article,travel-politics,multi-sport,all-ages,intro,ball,generic,
article,unwritten-rules,multi-sport,all-ages,intro,youth sports,generic,
article,unwritten-rules,multi-sport,all-ages,intro,glove,generic,
article,unwritten-rules,multi-sport,all-ages,intro,sunscreen,generic,
article,used-gear-rules,multi-sport,all-ages,intro,Gloves,generic,
article,used-gear-rules,multi-sport,all-ages,intro,bat,generic,
article,used-gear-rules,multi-sport,all-ages,intro,Bats,generic,
article,used-gear-rules,multi-sport,all-ages,intro,helmet,generic,
article,used-gear-rules,multi-sport,all-ages,intro,Helmets,generic,
article,used-gear-rules,multi-sport,all-ages,intro,Cleats,generic,
article,used-gear-rules,multi-sport,all-ages,intro,shoes,generic,
article,used-gear-rules,multi-sport,all-ages,intro,pants,generic,
article,used-gear-rules,multi-sport,all-ages,intro,Socks,generic,
article,used-gear-rules,multi-sport,all-ages,intro,Shin guards,generic,
article,used-gear-rules,multi-sport,all-ages,intro,Insoles,generic,
article,what-my-kid-said-in-the-car,soccer,8-10,intro,helmet,generic,
article,what-my-kid-said-in-the-car,soccer,8-10,intro,goal,generic,
article,your-kid-is-the-worst-on-the-team,multi-sport,all-ages,intro,stick,generic,
drill,baseball-base-running-game-ages-5-7,baseball,5-7,intro,cone,generic,
drill,baseball-base-running-game-ages-5-7,baseball,5-7,intro,cones,generic,
drill,baseball-cage-work-with-coach-ages-13-14,baseball,13-14,intro,bats,generic,
drill,baseball-cage-work-with-coach-ages-13-14,baseball,13-14,intro,helmets,generic,
drill,baseball-cage-work-with-coach-ages-13-14,baseball,13-14,intro,cage,generic,
drill,baseball-cage-work-with-coach-ages-13-14,baseball,13-14,intro,Balls,generic,
drill,baseball-double-play-feeds-ages-11-12,baseball,11-12,intro,ball,generic,
drill,baseball-double-play-feeds-ages-11-12,baseball,11-12,intro,balls,generic,
drill,baseball-double-play-feeds-ages-11-12,baseball,11-12,intro,bag,generic,
drill,baseball-four-corners-grounders-ages-8-10,baseball,8-10,intro,glove,generic,
drill,baseball-four-corners-grounders-ages-8-10,baseball,8-10,intro,ball,generic,
drill,baseball-four-corners-grounders-ages-8-10,baseball,8-10,intro,cones,generic,
drill,baseball-infield-outfield-communication-ages-11-12,baseball,11-12,intro,gloves,generic,
drill,baseball-infield-outfield-communication-ages-11-12,baseball,11-12,intro,ball,generic,
drill,baseball-infield-outfield-communication-ages-11-12,baseball,11-12,intro,balls,generic,
drill,baseball-live-tee-work-ages-8-10,baseball,8-10,intro,bat,generic,
drill,baseball-live-tee-work-ages-8-10,baseball,8-10,intro,ball,generic,
drill,baseball-live-tee-work-ages-8-10,baseball,8-10,intro,balls,generic,
drill,baseball-live-tee-work-ages-8-10,baseball,8-10,intro,net,generic,
drill,baseball-pickoff-plays-ages-11-12,baseball,11-12,intro,glove,generic,
drill,baseball-pickoff-plays-ages-11-12,baseball,11-12,intro,cones,generic,
drill,baseball-pickoff-plays-ages-11-12,baseball,11-12,intro,bag,generic,
drill,baseball-pitching-mechanics-drill-ages-13-14,baseball,13-14,intro,ball,generic,
drill,baseball-pitching-mechanics-drill-ages-13-14,baseball,13-14,intro,net,generic,
drill,baseball-ready-position-drill-ages-5-7,baseball,5-7,intro,ball,generic,
drill,baseball-ready-position-drill-ages-5-7,baseball,5-7,intro,balls,generic,
drill,baseball-relay-throws-ages-8-10,baseball,8-10,intro,ball,generic,
drill,baseball-relay-throws-ages-8-10,baseball,8-10,intro,cones,generic,
drill,baseball-simple-grounders-ages-5-7,baseball,5-7,intro,glove,generic,
drill,baseball-simple-grounders-ages-5-7,baseball,5-7,intro,ball,generic,
drill,baseball-simple-grounders-ages-5-7,baseball,5-7,intro,balls,generic,
drill,baseball-situational-base-running-ages-13-14,baseball,13-14,intro,ball,generic,
drill,baseball-situational-base-running-ages-13-14,baseball,13-14,intro,balls,generic,
drill,baseball-situational-hitting-ages-11-12,baseball,11-12,intro,bat,generic,
drill,baseball-situational-hitting-ages-11-12,baseball,11-12,intro,ball,generic,
drill,baseball-situational-hitting-ages-11-12,baseball,11-12,intro,net,generic,
drill,baseball-situational-hitting-ages-11-12,baseball,11-12,intro,Goal,generic,
drill,baseball-soft-toss-ages-8-10,baseball,8-10,intro,bat,generic,
drill,baseball-soft-toss-ages-8-10,baseball,8-10,intro,ball,generic,
drill,baseball-soft-toss-ages-8-10,baseball,8-10,intro,balls,generic,
drill,baseball-soft-toss-ages-8-10,baseball,8-10,intro,net,generic,
drill,baseball-tee-work-ages-5-7,baseball,5-7,intro,bat,generic,
drill,baseball-tee-work-ages-5-7,baseball,5-7,intro,ball,generic,
drill,baseball-tee-work-ages-5-7,baseball,5-7,intro,balls,generic,
drill,baseball-tee-work-ages-5-7,baseball,5-7,intro,net,generic,
drill,basketball-chair-passing-drill-ages-8-10,basketball,8-10,intro,ball,generic,
drill,basketball-closeout-drill-ages-11-12,basketball,11-12,intro,ball,generic,
drill,basketball-closeout-drill-ages-11-12,basketball,11-12,intro,cones,generic,
drill,basketball-defensive-slides-ages-8-10,basketball,8-10,intro,ball,generic,
drill,basketball-dribble-tag-ages-5-7,basketball,5-7,intro,ball,generic,
drill,basketball-dribble-tag-ages-5-7,basketball,5-7,intro,balls,generic,
drill,basketball-dribble-tag-ages-5-7,basketball,5-7,intro,cones,generic,
drill,basketball-form-shooting-close-ages-5-7,basketball,5-7,intro,ball,generic,
drill,basketball-help-and-recover-situational-ages-13-14,basketball,13-14,intro,ball,generic,
drill,basketball-motion-offense-intro-ages-13-14,basketball,13-14,intro,ball,generic,
drill,basketball-shell-defense-ages-11-12,basketball,11-12,intro,ball,generic,
drill,basketball-two-line-layup-intro-ages-5-7,basketball,5-7,intro,balls,generic,
drill,basketball-two-line-layups-ages-8-10,basketball,8-10,intro,cones,generic,
drill,cross-country-hill-repeats-ages-11-12,cross-country,11-12,intro,cones,generic,
drill,cross-country-interval-work-ages-13-14,cross-country,13-14,intro,goal,generic,
drill,cross-country-interval-work-ages-13-14,cross-country,13-14,intro,cones,generic,
drill,cross-country-race-pace-tempo-ages-13-14,cross-country,13-14,intro,cones,generic,
drill,flag-football-7v7-scrimmage-ages-13-14,flag-football,13-14,intro,stick,generic,
drill,flag-football-7v7-scrimmage-ages-13-14,flag-football,13-14,intro,1 ball,generic,
drill,flag-football-7v7-scrimmage-ages-13-14,flag-football,13-14,intro,goal,generic,
drill,flag-football-7v7-scrimmage-ages-13-14,flag-football,13-14,intro,cones,generic,
drill,flag-football-defensive-contain-ages-8-10,flag-football,8-10,intro,ball,generic,
drill,flag-football-defensive-contain-ages-8-10,flag-football,8-10,intro,3 balls,generic,
drill,flag-football-defensive-contain-ages-8-10,flag-football,8-10,intro,8 cones,generic,
drill,flag-football-flag-pulling-tag-drill-ages-5-7,flag-football,5-7,intro,ball,generic,
drill,flag-football-flag-pulling-tag-drill-ages-5-7,flag-football,5-7,intro,10 cones,generic,
drill,flag-football-flag-pulling-tag-drill-ages-5-7,flag-football,5-7,intro,cones,generic,
drill,flag-football-read-option-intro-ages-11-12,flag-football,11-12,intro,ball,generic,
drill,flag-football-read-option-intro-ages-11-12,flag-football,11-12,intro,3 balls,generic,
drill,flag-football-read-option-intro-ages-11-12,flag-football,11-12,intro,6 cones,generic,
drill,flag-football-read-option-intro-ages-11-12,flag-football,11-12,intro,cones,generic,
drill,flag-football-route-running-on-cones-ages-5-7,flag-football,5-7,intro,1 ball,generic,
drill,flag-football-route-running-on-cones-ages-5-7,flag-football,5-7,intro,ball,generic,
drill,flag-football-route-running-on-cones-ages-5-7,flag-football,5-7,intro,cone,generic,
drill,flag-football-route-running-on-cones-ages-5-7,flag-football,5-7,intro,8 cones,generic,
drill,flag-football-route-running-on-cones-ages-5-7,flag-football,5-7,intro,cones,generic,
drill,flag-football-screen-pass-ages-8-10,flag-football,8-10,intro,ball,generic,
drill,flag-football-screen-pass-ages-8-10,flag-football,8-10,intro,2 balls,generic,
drill,flag-football-screen-pass-ages-8-10,flag-football,8-10,intro,6 cones,generic,
drill,flag-football-screen-pass-ages-8-10,flag-football,8-10,intro,cones,generic,
drill,flag-football-slant-route-ages-8-10,flag-football,8-10,intro,ball,generic,
drill,flag-football-slant-route-ages-8-10,flag-football,8-10,intro,2 balls,generic,
drill,flag-football-slant-route-ages-8-10,flag-football,8-10,intro,cone,generic,
drill,flag-football-slant-route-ages-8-10,flag-football,8-10,intro,6 cones,generic,
drill,flag-football-slant-route-ages-8-10,flag-football,8-10,intro,cones,generic,
drill,flag-football-zone-vs-man-recognition-ages-11-12,flag-football,11-12,intro,stick,generic,
drill,flag-football-zone-vs-man-recognition-ages-11-12,flag-football,11-12,intro,ball,generic,
drill,flag-football-zone-vs-man-recognition-ages-11-12,flag-football,11-12,intro,2 balls,generic,
drill,flag-football-zone-vs-man-recognition-ages-11-12,flag-football,11-12,intro,6 cones,generic,
drill,hockey-1on1-forecheck-ages-11-12,hockey,11-12,intro,2 sticks,generic,
drill,hockey-1on1-forecheck-ages-11-12,hockey,11-12,intro,puck,generic,
drill,hockey-1on1-forecheck-ages-11-12,hockey,11-12,intro,2 pucks,generic,
drill,hockey-1on1-forecheck-ages-11-12,hockey,11-12,intro,4 cones,generic,
drill,hockey-1on1-forecheck-ages-11-12,hockey,11-12,intro,skates,generic,
drill,hockey-breakout-patterns-ages-11-12,hockey,11-12,intro,5 sticks,generic,
drill,hockey-breakout-patterns-ages-11-12,hockey,11-12,intro,puck,generic,
drill,hockey-breakout-patterns-ages-11-12,hockey,11-12,intro,2 pucks,generic,
drill,hockey-breakout-patterns-ages-11-12,hockey,11-12,intro,4 cones,generic,
drill,hockey-breakout-patterns-ages-11-12,hockey,11-12,intro,cones,generic,
drill,hockey-edge-work-ages-8-10,hockey,8-10,intro,puck,generic,
drill,hockey-edge-work-ages-8-10,hockey,8-10,intro,8 cones,generic,
drill,hockey-edge-work-ages-8-10,hockey,8-10,intro,cones,generic,
drill,hockey-edge-work-ages-8-10,hockey,8-10,intro,skates,generic,
drill,hockey-partner-passing-ages-8-10,hockey,8-10,intro,stick,generic,
drill,hockey-partner-passing-ages-8-10,hockey,8-10,intro,2 sticks,generic,
drill,hockey-partner-passing-ages-8-10,hockey,8-10,intro,puck,generic,
drill,hockey-partner-passing-ages-8-10,hockey,8-10,intro,2 pucks,generic,
drill,hockey-partner-passing-ages-8-10,hockey,8-10,intro,4 cones,generic,
drill,hockey-power-strides-ages-5-7,hockey,5-7,intro,puck,generic,
drill,hockey-power-strides-ages-5-7,hockey,5-7,intro,8 cones,generic,
drill,hockey-power-strides-ages-5-7,hockey,5-7,intro,cones,generic,
drill,hockey-stick-handling-cones-ages-5-7,hockey,5-7,intro,stick,generic,
drill,hockey-stick-handling-cones-ages-5-7,hockey,5-7,intro,1 stick,generic,
drill,hockey-stick-handling-cones-ages-5-7,hockey,5-7,intro,puck,generic,
drill,hockey-stick-handling-cones-ages-5-7,hockey,5-7,intro,1 puck,generic,
drill,hockey-stick-handling-cones-ages-5-7,hockey,5-7,intro,8 cones,generic,
drill,hockey-stick-handling-cones-ages-5-7,hockey,5-7,intro,cones,generic,
drill,lacrosse-clearing-pattern-ages-13-14,lacrosse,13-14,intro,stick,generic,
drill,lacrosse-clearing-pattern-ages-13-14,lacrosse,13-14,intro,6 sticks,generic,
drill,lacrosse-clearing-pattern-ages-13-14,lacrosse,13-14,intro,ball,generic,
drill,lacrosse-clearing-pattern-ages-13-14,lacrosse,13-14,intro,1 ball,generic,
drill,lacrosse-clearing-pattern-ages-13-14,lacrosse,13-14,intro,6 cones,generic,
drill,lacrosse-clearing-pattern-ages-13-14,lacrosse,13-14,intro,cones,generic,
drill,lacrosse-cradling-on-the-move-ages-8-10,lacrosse,8-10,intro,1 stick,generic,
drill,lacrosse-cradling-on-the-move-ages-8-10,lacrosse,8-10,intro,stick,generic,
drill,lacrosse-cradling-on-the-move-ages-8-10,lacrosse,8-10,intro,ball,generic,
drill,lacrosse-cradling-on-the-move-ages-8-10,lacrosse,8-10,intro,1 ball,generic,
drill,lacrosse-cradling-on-the-move-ages-8-10,lacrosse,8-10,intro,8 cones,generic,
drill,lacrosse-cradling-on-the-move-ages-8-10,lacrosse,8-10,intro,cones,generic,
drill,lacrosse-face-off-intro-ages-11-12,lacrosse,11-12,intro,stick,generic,
drill,lacrosse-face-off-intro-ages-11-12,lacrosse,11-12,intro,8 sticks,generic,
drill,lacrosse-face-off-intro-ages-11-12,lacrosse,11-12,intro,sticks,generic,
drill,lacrosse-face-off-intro-ages-11-12,lacrosse,11-12,intro,1 ball,generic,
drill,lacrosse-face-off-intro-ages-11-12,lacrosse,11-12,intro,ball,generic,
drill,lacrosse-face-off-intro-ages-11-12,lacrosse,11-12,intro,balls,generic,
drill,lacrosse-face-off-intro-ages-11-12,lacrosse,11-12,intro,cone,generic,
drill,lacrosse-face-off-intro-ages-11-12,lacrosse,11-12,intro,4 cones,generic,
drill,lacrosse-ground-ball-scoop-battles-ages-11-12,lacrosse,11-12,intro,stick,generic,
drill,lacrosse-ground-ball-scoop-battles-ages-11-12,lacrosse,11-12,intro,8 sticks,generic,
drill,lacrosse-ground-ball-scoop-battles-ages-11-12,lacrosse,11-12,intro,ball,generic,
drill,lacrosse-ground-ball-scoop-battles-ages-11-12,lacrosse,11-12,intro,balls,generic,
drill,lacrosse-ground-ball-scoop-battles-ages-11-12,lacrosse,11-12,intro,4 balls,generic,
drill,lacrosse-ground-ball-scoop-battles-ages-11-12,lacrosse,11-12,intro,8 cones,generic,
drill,lacrosse-ground-ball-scoop-battles-ages-11-12,lacrosse,11-12,intro,cones,generic,
drill,lacrosse-riding-pressure-ages-13-14,lacrosse,13-14,intro,6 sticks,generic,
drill,lacrosse-riding-pressure-ages-13-14,lacrosse,13-14,intro,ball,generic,
drill,lacrosse-riding-pressure-ages-13-14,lacrosse,13-14,intro,2 balls,generic,
drill,lacrosse-riding-pressure-ages-13-14,lacrosse,13-14,intro,6 cones,generic,
drill,lacrosse-riding-pressure-ages-13-14,lacrosse,13-14,intro,cones,generic,
drill,lacrosse-two-line-passing-ages-8-10,lacrosse,8-10,intro,stick,generic,
drill,lacrosse-two-line-passing-ages-8-10,lacrosse,8-10,intro,4 sticks,generic,
drill,lacrosse-two-line-passing-ages-8-10,lacrosse,8-10,intro,ball,generic,
drill,lacrosse-two-line-passing-ages-8-10,lacrosse,8-10,intro,2 balls,generic,
drill,lacrosse-two-line-passing-ages-8-10,lacrosse,8-10,intro,4 cones,generic,
drill,lacrosse-two-line-passing-ages-8-10,lacrosse,8-10,intro,cones,generic,
drill,multi-sport-scrimmage-rule-keep-it-fun-all-ages,multi-sport,all-ages,intro,ball,generic,
drill,multi-sport-scrimmage-rule-keep-it-fun-all-ages,multi-sport,all-ages,intro,goal,generic,
drill,multi-sport-water-break-management-all-ages,multi-sport,all-ages,intro,goal,generic,
drill,multi-sport-water-break-management-all-ages,multi-sport,all-ages,intro,Water bottles,generic,
drill,soccer-1v1-to-a-goal-ages-8-10,soccer,8-10,intro,ball,generic,
drill,soccer-1v1-to-a-goal-ages-8-10,soccer,8-10,intro,balls,generic,
drill,soccer-1v1-to-a-goal-ages-8-10,soccer,8-10,intro,goal,generic,
drill,soccer-1v1-to-a-goal-ages-8-10,soccer,8-10,intro,cones,generic,
drill,soccer-attacking-diamond-ages-11-12,soccer,11-12,intro,ball,generic,
drill,soccer-attacking-diamond-ages-11-12,soccer,11-12,intro,goal,generic,
drill,soccer-attacking-diamond-ages-11-12,soccer,11-12,intro,cones,generic,
drill,soccer-defending-shape-ages-11-12,soccer,11-12,intro,ball,generic,
drill,soccer-defending-shape-ages-11-12,soccer,11-12,intro,goal,generic,
drill,soccer-defending-shape-ages-11-12,soccer,11-12,intro,cones,generic,
drill,soccer-finishing-reps-ages-13-14,soccer,13-14,intro,balls,generic,
drill,soccer-finishing-reps-ages-13-14,soccer,13-14,intro,goal,generic,
drill,soccer-four-corner-passing-ages-8-10,soccer,8-10,intro,ball,generic,
drill,soccer-four-corner-passing-ages-8-10,soccer,8-10,intro,balls,generic,
drill,soccer-four-corner-passing-ages-8-10,soccer,8-10,intro,cone,generic,
drill,soccer-four-corner-passing-ages-8-10,soccer,8-10,intro,cones,generic,
drill,soccer-gates-dribbling-ages-5-7,soccer,5-7,intro,ball,generic,
drill,soccer-gates-dribbling-ages-5-7,soccer,5-7,intro,balls,generic,
drill,soccer-gates-dribbling-ages-5-7,soccer,5-7,intro,12 cones,generic,
drill,soccer-gates-dribbling-ages-5-7,soccer,5-7,intro,cones,generic,
drill,soccer-high-press-triggers-ages-13-14,soccer,13-14,intro,ball,generic,
drill,soccer-high-press-triggers-ages-13-14,soccer,13-14,intro,cones,generic,
drill,soccer-no-bunching-drill-ages-8-10,soccer,8-10,intro,ball,generic,
drill,soccer-no-bunching-drill-ages-8-10,soccer,8-10,intro,balls,generic,
drill,soccer-no-bunching-drill-ages-8-10,soccer,8-10,intro,6 cones,generic,
drill,soccer-no-bunching-drill-ages-8-10,soccer,8-10,intro,cones,generic,
drill,soccer-possession-7v7-ages-13-14,soccer,13-14,intro,ball,generic,
drill,soccer-possession-7v7-ages-13-14,soccer,13-14,intro,cones,generic,
drill,soccer-red-light-green-light-ages-5-7,soccer,5-7,intro,ball,generic,
drill,soccer-red-light-green-light-ages-5-7,soccer,5-7,intro,cones,generic,
drill,soccer-rondo-ages-11-12,soccer,11-12,intro,ball,generic,
drill,soccer-rondo-ages-11-12,soccer,11-12,intro,cones,generic,
drill,soccer-set-piece-basics-ages-11-12,soccer,11-12,intro,ball,generic,
drill,soccer-set-piece-basics-ages-11-12,soccer,11-12,intro,balls,generic,
drill,soccer-set-piece-basics-ages-11-12,soccer,11-12,intro,goal,generic,
drill,soccer-set-piece-basics-ages-11-12,soccer,11-12,intro,cones,generic,
drill,soccer-sharks-and-minnows-ages-5-7,soccer,5-7,intro,ball,generic,
drill,soccer-sharks-and-minnows-ages-5-7,soccer,5-7,intro,cones,generic,
drill,soccer-simple-two-cone-passing-ages-5-7,soccer,5-7,intro,ball,generic,
drill,soccer-simple-two-cone-passing-ages-5-7,soccer,5-7,intro,balls,generic,
drill,soccer-simple-two-cone-passing-ages-5-7,soccer,5-7,intro,cone,generic,
drill,soccer-simple-two-cone-passing-ages-5-7,soccer,5-7,intro,10 cones,generic,
drill,soccer-simple-two-cone-passing-ages-5-7,soccer,5-7,intro,cones,generic,
drill,soccer-throw-in-toss-ages-8-10,soccer,8-10,intro,ball,generic,
drill,soccer-throw-in-toss-ages-8-10,soccer,8-10,intro,balls,generic,
drill,soccer-throw-in-toss-ages-8-10,soccer,8-10,intro,cones,generic,
drill,softball-advanced-situational-ages-13-14,softball,13-14,intro,ball,generic,
drill,softball-base-running-ages-5-7,softball,5-7,intro,cones,generic,
drill,softball-double-play-finish-ages-13-14,softball,13-14,intro,balls,generic,
drill,softball-fielding-stance-ages-5-7,softball,5-7,intro,glove,generic,
drill,softball-fielding-stance-ages-5-7,softball,5-7,intro,ball,generic,
drill,softball-fielding-stance-ages-5-7,softball,5-7,intro,balls,generic,
drill,softball-pop-up-communication-ages-8-10,softball,8-10,intro,ball,generic,
drill,softball-slap-bunting-intro-ages-8-10,softball,8-10,intro,bat,generic,
drill,softball-slap-bunting-intro-ages-8-10,softball,8-10,intro,net,generic,
drill,softball-slap-bunting-intro-ages-8-10,softball,8-10,intro,goal,generic,
drill,softball-tee-work-ages-5-7,softball,5-7,intro,bat,generic,
drill,softball-tee-work-ages-5-7,softball,5-7,intro,ball,generic,
drill,softball-tee-work-ages-5-7,softball,5-7,intro,net,generic,
drill,softball-throw-and-catch-ladder-ages-8-10,softball,8-10,intro,ball,generic,
drill,softball-windmill-pitching-warm-up-ages-11-12,softball,11-12,intro,stick,generic,
drill,softball-windmill-pitching-warm-up-ages-11-12,softball,11-12,intro,ball,generic,
drill,t-ball-cones-positions,baseball,5-7,intro,ball,generic,
drill,t-ball-cones-positions,baseball,5-7,intro,cones,generic,
drill,t-ball-cones-positions,baseball,5-7,intro,bag,generic,
drill,t-ball-cones-positions,baseball,5-7,Where the cones go,cone,generic,
drill,t-ball-cones-positions,baseball,5-7,What the kids learn,balls,generic,
drill,tackle-football-3-point-stance-ages-8-10,football,8-10,intro,ball,generic,
drill,tackle-football-3-point-stance-ages-8-10,football,8-10,intro,cone,generic,
drill,tackle-football-3-point-stance-ages-8-10,football,8-10,intro,6 cones,generic,
drill,tackle-football-3-point-stance-ages-8-10,football,8-10,intro,bag,generic,
drill,tackle-football-block-shed-drill-ages-11-12,football,11-12,intro,ball,generic,
drill,tackle-football-block-shed-drill-ages-11-12,football,11-12,intro,2 balls,generic,
drill,tackle-football-block-shed-drill-ages-11-12,football,11-12,intro,cone,generic,
drill,tackle-football-block-shed-drill-ages-11-12,football,11-12,intro,4 cones,generic,
drill,tackle-football-block-shed-drill-ages-11-12,football,11-12,intro,cones,generic,
drill,tackle-football-block-shed-drill-ages-11-12,football,11-12,intro,bag,generic,
drill,tackle-football-defensive-shed-ages-13-14,football,13-14,intro,2 balls,generic,
drill,tackle-football-defensive-shed-ages-13-14,football,13-14,intro,cone,generic,
drill,tackle-football-defensive-shed-ages-13-14,football,13-14,intro,4 cones,generic,
drill,tackle-football-form-tackling-on-a-bag-ages-8-10,football,8-10,intro,1 ball,generic,
drill,tackle-football-form-tackling-on-a-bag-ages-8-10,football,8-10,intro,ball,generic,
drill,tackle-football-form-tackling-on-a-bag-ages-8-10,football,8-10,intro,bag,generic,
drill,tackle-football-route-tree-intro-ages-11-12,football,11-12,intro,3 balls,generic,
drill,tackle-football-route-tree-intro-ages-11-12,football,11-12,intro,8 cones,generic,
drill,tackle-football-running-back-footwork-ages-13-14,football,13-14,intro,1 ball,generic,
drill,tackle-football-running-back-footwork-ages-13-14,football,13-14,intro,ball,generic,
drill,tackle-football-running-back-footwork-ages-13-14,football,13-14,intro,cone,generic,
drill,tackle-football-running-back-footwork-ages-13-14,football,13-14,intro,6 cones,generic,
drill,tackle-football-running-back-footwork-ages-13-14,football,13-14,intro,bag,generic,
drill,tennis-consistency-rally-to-25-ages-11-12,tennis,11-12,intro,ball,generic,
drill,tennis-consistency-rally-to-25-ages-11-12,tennis,11-12,intro,balls,generic,
drill,tennis-consistency-rally-to-25-ages-11-12,tennis,11-12,intro,net,generic,
drill,tennis-consistency-rally-to-25-ages-11-12,tennis,11-12,intro,Goal,generic,
drill,tennis-red-ball-groundstroke-rally-ages-5-7,tennis,5-7,intro,ball,generic,
drill,tennis-red-ball-groundstroke-rally-ages-5-7,tennis,5-7,intro,balls,generic,
drill,tennis-red-ball-groundstroke-rally-ages-5-7,tennis,5-7,intro,1 net,generic,
drill,tennis-red-ball-groundstroke-rally-ages-5-7,tennis,5-7,intro,net,generic,
drill,tennis-red-ball-groundstroke-rally-ages-5-7,tennis,5-7,intro,Goal,generic,
drill,tennis-red-ball-groundstroke-rally-ages-5-7,tennis,5-7,intro,cone,generic,
drill,tennis-target-hitting-at-corners-ages-8-10,tennis,8-10,intro,ball,generic,
drill,tennis-target-hitting-at-corners-ages-8-10,tennis,8-10,intro,balls,generic,
drill,tennis-target-hitting-at-corners-ages-8-10,tennis,8-10,intro,1 net,generic,
drill,tennis-target-hitting-at-corners-ages-8-10,tennis,8-10,intro,goal,generic,
drill,tennis-target-hitting-at-corners-ages-8-10,tennis,8-10,intro,cone,generic,
drill,tennis-target-hitting-at-corners-ages-8-10,tennis,8-10,intro,4 cones,generic,
drill,tennis-target-hitting-at-corners-ages-8-10,tennis,8-10,intro,cones,generic,
drill,track-interval-ladder-ages-11-12,track-field,11-12,intro,cones,generic,
drill,track-long-jump-approach-ages-13-14,track-field,13-14,intro,tape,generic,
drill,track-shot-put-glide-intro-ages-13-14,track-field,13-14,intro,ball,generic,
drill,track-shot-put-glide-intro-ages-13-14,track-field,13-14,intro,balls,generic,
drill,track-shot-put-glide-intro-ages-13-14,track-field,13-14,intro,tape,generic,
drill,volleyball-6v6-controlled-scrimmage-ages-13-14,volleyball,13-14,intro,ball,generic,
drill,volleyball-6v6-controlled-scrimmage-ages-13-14,volleyball,13-14,intro,2 balls,generic,
drill,volleyball-6v6-controlled-scrimmage-ages-13-14,volleyball,13-14,intro,1 net,generic,
drill,volleyball-6v6-controlled-scrimmage-ages-13-14,volleyball,13-14,intro,net,generic,
drill,volleyball-6v6-controlled-scrimmage-ages-13-14,volleyball,13-14,intro,goal,generic,
drill,volleyball-6v6-controlled-scrimmage-ages-13-14,volleyball,13-14,intro,4 cones,generic,
drill,volleyball-approach-footwork-ages-11-12,volleyball,11-12,intro,ball,generic,
drill,volleyball-approach-footwork-ages-11-12,volleyball,11-12,intro,4 balls,generic,
drill,volleyball-approach-footwork-ages-11-12,volleyball,11-12,intro,1 net,generic,
drill,volleyball-approach-footwork-ages-11-12,volleyball,11-12,intro,net,generic,
drill,volleyball-approach-footwork-ages-11-12,volleyball,11-12,intro,4 cones,generic,
drill,volleyball-approach-footwork-ages-11-12,volleyball,11-12,intro,cones,generic,
drill,volleyball-block-and-cover-ages-13-14,volleyball,13-14,intro,ball,generic,
drill,volleyball-block-and-cover-ages-13-14,volleyball,13-14,intro,4 balls,generic,
drill,volleyball-block-and-cover-ages-13-14,volleyball,13-14,intro,1 net,generic,
drill,volleyball-block-and-cover-ages-13-14,volleyball,13-14,intro,net,generic,
drill,volleyball-block-and-cover-ages-13-14,volleyball,13-14,intro,4 cones,generic,
drill,volleyball-forearm-pass-to-target-ages-8-10,volleyball,8-10,intro,ball,generic,
drill,volleyball-forearm-pass-to-target-ages-8-10,volleyball,8-10,intro,4 balls,generic,
drill,volleyball-forearm-pass-to-target-ages-8-10,volleyball,8-10,intro,net,generic,
drill,volleyball-forearm-pass-to-target-ages-8-10,volleyball,8-10,intro,4 cones,generic,
drill,volleyball-peppering-with-partner-ages-8-10,volleyball,8-10,intro,ball,generic,
drill,volleyball-peppering-with-partner-ages-8-10,volleyball,8-10,intro,4 balls,generic,
drill,volleyball-peppering-with-partner-ages-8-10,volleyball,8-10,intro,net,generic,
drill,volleyball-peppering-with-partner-ages-8-10,volleyball,8-10,intro,Goal,generic,
drill,volleyball-serve-receive-triangle-ages-11-12,volleyball,11-12,intro,3 sticks,generic,
drill,volleyball-serve-receive-triangle-ages-11-12,volleyball,11-12,intro,ball,generic,
drill,volleyball-serve-receive-triangle-ages-11-12,volleyball,11-12,intro,2 balls,generic,
drill,volleyball-serve-receive-triangle-ages-11-12,volleyball,11-12,intro,8 balls,generic,
drill,volleyball-serve-receive-triangle-ages-11-12,volleyball,11-12,intro,balls,generic,
drill,volleyball-serve-receive-triangle-ages-11-12,volleyball,11-12,intro,net,generic,
drill,volleyball-serve-receive-triangle-ages-11-12,volleyball,11-12,intro,4 cones,generic,
drill,volleyball-serve-receive-triangle-ages-11-12,volleyball,11-12,intro,cones,generic,
guide,ballet,,,What you actually need,shoes,generic,
guide,ballet,,,What you actually need,net,generic,
guide,band,,,How to think about the instrument decision,stick,generic,
guide,band,,,How to think about the instrument decision,bag,generic,
guide,band,,,Ages 11–12 (Middle school),sticks,generic,
guide,band,,,Ages 13–14 (Middle school upper grades),gloves,generic,
guide,band,,,Ages 13–14 (Middle school upper grades),shoes,generic,
guide,band,,,Ages 13–14 (Middle school upper grades),pants,generic,
guide,band,,,Ages 13–14 (Middle school upper grades),socks,generic,
guide,band,,,Ages 13–14 (Middle school upper grades),hat,generic,
guide,band,,,Ages 13–14 (Middle school upper grades),Water bottle,generic,
guide,baseball,,,intro,glove,generic,
guide,baseball,,,intro,bat,generic,
guide,baseball,,,intro,helmets,generic,
guide,baseball,,,Ages 5–7 (Tee-ball),26 inch length,generic,
guide,baseball,,,Ages 5–7 (Tee-ball),15 ounce weight,generic,
guide,baseball,,,Ages 5–7 (Tee-ball),youth helmet,generic,
guide,baseball,,,Ages 5–7 (Tee-ball),Plastic cleats,generic,
guide,baseball,,,Ages 5–7 (Tee-ball),200 bat,generic,
guide,baseball,,,Ages 5–7 (Tee-ball),24–26 inch bat,generic,
guide,baseball,,,Ages 5–7 (Tee-ball),6 inch bats,generic,
guide,baseball,,,Ages 5–7 (Tee-ball),bats,generic,
guide,baseball,,,Ages 5–7 (Tee-ball),helmet,generic,
guide,baseball,,,Ages 5–7 (Tee-ball),Cleats,generic,
guide,baseball,,,Ages 5–7 (Tee-ball),sneakers,generic,
guide,baseball,,,Ages 5–7 (Tee-ball),jersey,generic,
guide,baseball,,,Ages 5–7 (Tee-ball),Pants,generic,
guide,baseball,,,Ages 5–7 (Tee-ball),ball,generic,
guide,baseball,,,Ages 5–7 (Tee-ball),24–26 inch ball,generic,
guide,baseball,,,Ages 5–7 (Tee-ball),bag,generic,
guide,baseball,,,Ages 8–10 (Coach-pitch and machine-pitch),11 inch glove,generic,
guide,baseball,,,Ages 8–10 (Coach-pitch and machine-pitch),28 inch bat,generic,
guide,baseball,,,Ages 8–10 (Coach-pitch and machine-pitch),youth level,generic,
guide,baseball,,,Ages 8–10 (Coach-pitch and machine-pitch),Metal cleats,generic,
guide,baseball,,,Ages 8–10 (Coach-pitch and machine-pitch),80 gloves,generic,
guide,baseball,,,Ages 8–10 (Coach-pitch and machine-pitch),gloves,generic,
guide,baseball,,,Ages 8–10 (Coach-pitch and machine-pitch),29 inch bats,generic,
guide,baseball,,,Ages 8–10 (Coach-pitch and machine-pitch),Batting gloves,generic,
guide,baseball,,,Ages 8–10 (Coach-pitch and machine-pitch),goal,generic,
guide,baseball,,,Ages 11–12 (Player-pitch and middle-school feeder),USABat-approved,specific,
guide,baseball,,,Ages 11–12 (Player-pitch and middle-school feeder),USSSA stamp,specific,
guide,baseball,,,Ages 11–12 (Player-pitch and middle-school feeder),12 inch glove,generic,
guide,baseball,,,Ages 11–12 (Player-pitch and middle-school feeder),30 inch bat,generic,
guide,baseball,,,Ages 11–12 (Player-pitch and middle-school feeder),Catcher's gear,generic,
guide,baseball,,,Ages 11–12 (Player-pitch and middle-school feeder),chest protector,generic,
guide,baseball,,,Ages 11–12 (Player-pitch and middle-school feeder),protective cup,generic,
guide,baseball,,,Ages 13–14 (Junior high / pony / travel),BBCOR for,specific,
guide,baseball,,,Ages 13–14 (Junior high / pony / travel),BBCOR or,specific,
guide,baseball,,,Ages 13–14 (Junior high / pony / travel),USSSA for,specific,
guide,baseball,,,Ages 13–14 (Junior high / pony / travel),USSSA bat,specific,
guide,baseball,,,Ages 15+ (High school and club),250 glove,generic,
guide,baseball,,,Ages 15+ (High school and club),80 glove,generic,
guide,baseball,,,Ages 15+ (High school and club),jerseys,generic,
guide,basketball,,,intro,youth sports,generic,
guide,basketball,,,intro,shoes,generic,
guide,basketball,,,intro,shorts,generic,
guide,basketball,,,intro,shirt,generic,
guide,basketball,,,Ages 5–7 (Bitty / mini league),sneakers,generic,
guide,basketball,,,Ages 5–7 (Bitty / mini league),jersey,generic,
guide,basketball,,,Ages 5–7 (Bitty / mini league),ball,generic,
guide,basketball,,,Ages 5–7 (Bitty / mini league),5 ball,generic,
guide,basketball,,,Ages 5–7 (Bitty / mini league),balls,generic,
guide,basketball,,,Ages 5–7 (Bitty / mini league),Water bottle,generic,
guide,basketball,,,Ages 8–10,Mid-cut shoe,generic,
guide,basketball,,,Ages 8–10,socks,generic,
guide,basketball,,,Ages 8–10,6 ball,generic,
guide,basketball,,,Ages 8–10,insoles,generic,
guide,basketball,,,Ages 11–12,shirts,generic,
guide,basketball,,,Ages 15+ (High school and club),jerseys,generic,
guide,cheer,,,What you actually need,shoes,generic,
guide,cheer,,,What you actually need,sneakers,generic,
guide,cheer,,,What you actually need,shorts,generic,
guide,cheer,,,What you actually need,shirt,generic,
guide,cheer,,,What you actually need,Athletic tape,generic,
guide,cheer,,,What you actually need,tape,generic,
guide,cheer,,,Used gear notes,insoles,generic,
guide,cheer,,,What you can skip,shirts,generic,
guide,cheer,,,Rules and Citations,net,generic,
guide,choir,,,intro,water bottle,generic,
guide,choir,,,Ages 5–7 (Children's choir or starter),shirt,generic,
guide,choir,,,Ages 8–10 (Elementary choir or community children's chorus),pants,generic,
guide,choir,,,Ages 8–10 (Elementary choir or community children's chorus),caps,generic,
guide,choir,,,Ages 11–12 (Middle school choir),shoes,generic,
guide,crew,,,What you actually need,shoes,generic,
guide,crew,,,What you actually need,socks,generic,
guide,crew,,,What you actually need,Sunscreen,generic,
guide,cross-country,,,What you actually need,gloves,generic,
guide,cross-country,,,What you actually need,shoes,generic,
guide,cross-country,,,What you actually need,shirt,generic,
guide,cross-country,,,What you actually need,beanie,generic,
guide,cross-country,,,What you can skip,water bottles,generic,
guide,dance,,,intro,shoes,generic,
guide,dance,,,"Universal items (every style, every age)",water bottle,generic,
guide,dance,,,"Universal items (every style, every age)",bag,generic,
guide,dance,,,Hip-hop,sneakers,generic,
guide,dance,,,Contemporary / Modern / Lyrical,ball,generic,
guide,dance,,,How to choose dance shoes (the universal test),socks,generic,
guide,flag-football,,,What you actually need,NOCSAE-stamped,specific,
guide,flag-football,,,What you actually need,Gloves,generic,
guide,flag-football,,,What you actually need,helmet,generic,
guide,flag-football,,,What you actually need,Cleats,generic,
guide,flag-football,,,What you actually need,shorts,generic,
guide,flag-football,,,What you actually need,shirt,generic,
guide,flag-football,,,What you actually need,mouthguard,specific,
guide,football,,,intro,NOCSAE,specific,
guide,football,,,intro,youth sport,generic,
guide,football,,,intro,helmet,generic,
guide,football,,,intro,helmets,generic,
guide,football,,,Ages 5–7 (Flag football),youth football,generic,
guide,football,,,Ages 5–7 (Flag football),cleats,generic,
guide,football,,,Ages 5–7 (Flag football),jersey,generic,
guide,football,,,Ages 5–7 (Flag football),shorts,generic,
guide,football,,,Ages 5–7 (Flag football),shirt,generic,
guide,football,,,"Ages 8–10 (Flag or starter tackle, depending on league)",Wilson TDY,specific,
guide,football,,,"Ages 8–10 (Flag or starter tackle, depending on league)",youth ball,generic,
guide,football,,,"Ages 8–10 (Flag or starter tackle, depending on league)",pants,generic,
guide,football,,,"Ages 8–10 (Flag or starter tackle, depending on league)",ball,generic,
guide,football,,,"Ages 11–12 (Tackle football, junior high feeder)",gloves,generic,
guide,football,,,Ages 13–14 (Junior high / freshman),Junior high,generic,
guide,football,,,Ages 13–14 (Junior high / freshman),shirts,generic,
guide,football,,,Ages 13–14 (Junior high / freshman),bag,generic,
guide,football,,,Ages 15+ (High school),adult helmet,generic,
guide,football,,,Ages 15+ (High school),jerseys,generic,
guide,golf,,,What you actually need,US Kids Golf,specific,
guide,golf,,,What you actually need,junior sets,generic,
guide,golf,,,What you actually need,adult clubs,generic,
guide,golf,,,What you actually need,junior golfers,generic,
guide,golf,,,What you actually need,glove,generic,
guide,golf,,,What you actually need,balls,generic,
guide,golf,,,Used gear notes,junior club,generic,
guide,golf,,,What you can skip,shoes,generic,
guide,golf,,,What you can skip,bag,generic,
guide,golf,,,Rules and citations,Junior League,generic,
guide,gymnastics,,,What you actually need,Athletic tape,generic,
guide,gymnastics,,,What you actually need,tape,generic,
guide,gymnastics,,,What you can skip,socks,generic,
guide,gymnastics,,,What you can skip,bag,generic,
guide,hockey,,,intro,Helmet,generic,
guide,hockey,,,intro,stick,generic,
guide,hockey,,,intro,Skates,generic,
guide,hockey,,,Ages 5–7 (Learn-to-skate / Mini Mites),HECC certified,specific,
guide,hockey,,,Ages 5–7 (Learn-to-skate / Mini Mites),youth recreational,generic,
guide,hockey,,,Ages 5–7 (Learn-to-skate / Mini Mites),youth hockey,generic,
guide,hockey,,,Ages 5–7 (Learn-to-skate / Mini Mites),youth league,generic,
guide,hockey,,,Ages 5–7 (Learn-to-skate / Mini Mites),Junior or,generic,
guide,hockey,,,Ages 5–7 (Learn-to-skate / Mini Mites),youth flex,generic,
guide,hockey,,,Ages 5–7 (Learn-to-skate / Mini Mites),gloves,generic,
guide,hockey,,,Ages 5–7 (Learn-to-skate / Mini Mites),pants,generic,
guide,hockey,,,Ages 5–7 (Learn-to-skate / Mini Mites),Shin guards,generic,
guide,hockey,,,Ages 5–7 (Learn-to-skate / Mini Mites),Mouthguard,generic,
guide,hockey,,,Ages 5–7 (Learn-to-skate / Mini Mites),cage,generic,
guide,hockey,,,Ages 5–7 (Learn-to-skate / Mini Mites),Elbow pads,generic,
guide,hockey,,,Ages 5–7 (Learn-to-skate / Mini Mites),sticks,generic,
guide,hockey,,,Ages 5–7 (Learn-to-skate / Mini Mites),pucks,generic,
guide,hockey,,,Ages 8–10 (Mites and Squirts),youth helmet,generic,
guide,hockey,,,"Ages 11–12 (Pee Wee, body checking begins)",HECC-,specific,
guide,hockey,,,"Ages 11–12 (Pee Wee, body checking begins)",helmets,generic,
guide,hockey,,,Ages 13–14 (Bantam) and 15+ (Midget / High school),4 sticks,generic,
guide,hockey,,,Ages 13–14 (Bantam) and 15+ (Midget / High school),Bag,generic,
guide,lacrosse,,,intro,gloves,generic,
guide,lacrosse,,,intro,helmets,generic,
guide,lacrosse,,,intro,sticks,generic,
guide,lacrosse,,,Boys lacrosse,helmet,generic,
guide,lacrosse,,,Ages 5–7 (Starter / Lightning),NOCSAE certified,specific,
guide,lacrosse,,,Ages 5–7 (Starter / Lightning),NOCSAE,specific,
guide,lacrosse,,,Ages 5–7 (Starter / Lightning),youth boys,generic,
guide,lacrosse,,,Ages 5–7 (Starter / Lightning),youth level,generic,
guide,lacrosse,,,Ages 5–7 (Starter / Lightning),glove,generic,
guide,lacrosse,,,Ages 5–7 (Starter / Lightning),Cleats,generic,
guide,lacrosse,,,Ages 5–7 (Starter / Lightning),cage,generic,
guide,lacrosse,,,Ages 5–7 (Starter / Lightning),stick,generic,
guide,lacrosse,,,Ages 5–7 (Starter / Lightning),42 inch sticks,generic,
guide,lacrosse,,,Ages 8–10 (Junior),40 inch stick,generic,
guide,lacrosse,,,Ages 8–10 (Junior),youth helmet,generic,
guide,lacrosse,,,Ages 5–7 (Starter / Tots),38 inch length,generic,
guide,lacrosse,,,Ages 5–7 (Starter / Tots),youth girls,generic,
guide,lacrosse,,,Ages 5–7 (Starter / Tots),goggles,generic,
guide,lacrosse,,,How to choose a lacrosse stick (boys or girls),adult midfield,generic,
guide,lacrosse,,,How to choose a lacrosse stick (boys or girls),ball,generic,
guide,martial-arts,,,What you actually need,NOCSAE-stamped,specific,
guide,martial-arts,,,What you actually need,mouthguard,generic,
guide,soccer,,,intro,youth sport,generic,
guide,soccer,,,intro,Cleats,generic,
guide,soccer,,,intro,shin guards,generic,
guide,soccer,,,intro,ball,generic,
guide,soccer,,,intro,water bottle,generic,
guide,soccer,,,Ages 5–7 (Mini-league or U6/U8),adult ball,generic,
guide,soccer,,,Ages 5–7 (Mini-league or U6/U8),socks,generic,
guide,soccer,,,Ages 5–7 (Mini-league or U6/U8),3 ball,generic,
guide,soccer,,,Ages 5–7 (Mini-league or U6/U8),5 ball,generic,
guide,soccer,,,Ages 8–10 (U10/U12),4 ball,generic,
guide,soccer,,,Ages 8–10 (U10/U12),bag,generic,
guide,soccer,,,Ages 8–10 (U10/U12),backpack,generic,
guide,soccer,,,Ages 11–12 (U13/U14),adult size,generic,
guide,soccer,,,Ages 11–12 (U13/U14),adult mediums,generic,
guide,soccer,,,Ages 11–12 (U13/U14),gloves,generic,
guide,soccer,,,Ages 13–14 (U14/U15 and middle-school),shoes,generic,
guide,softball,,,intro,12 inch versus,generic,
guide,softball,,,intro,9 inch in,generic,
guide,softball,,,intro,gloves,generic,
guide,softball,,,intro,bats,generic,
guide,softball,,,intro,12 inch ball,generic,
guide,softball,,,Ages 5–7 (Tee-ball or coach-pitch),11 inch glove,generic,
guide,softball,,,Ages 5–7 (Tee-ball or coach-pitch),youth softball,generic,
guide,softball,,,Ages 5–7 (Tee-ball or coach-pitch),glove,generic,
guide,softball,,,Ages 5–7 (Tee-ball or coach-pitch),24–26 inch bat,generic,
guide,softball,,,Ages 5–7 (Tee-ball or coach-pitch),bat,generic,
guide,softball,,,Ages 5–7 (Tee-ball or coach-pitch),helmets,generic,
guide,softball,,,Ages 5–7 (Tee-ball or coach-pitch),Pants,generic,
guide,softball,,,Ages 5–7 (Tee-ball or coach-pitch),face mask,generic,
guide,softball,,,Ages 5–7 (Tee-ball or coach-pitch),ball,generic,
guide,softball,,,Ages 5–7 (Tee-ball or coach-pitch),24–26 inch ball,generic,
guide,softball,,,Ages 8–10,12 inch glove,generic,
guide,softball,,,Ages 8–10,29 inch bat,generic,
guide,softball,,,Ages 8–10,youth level,generic,
guide,softball,,,Ages 8–10,shorts,generic,
guide,softball,,,Ages 8–10,goal,generic,
guide,softball,,,Ages 11–12,USSSA or,specific,
guide,softball,,,Ages 11–12,12.5 inch glove,generic,
guide,softball,,,Ages 11–12,32 inch bat,generic,
guide,softball,,,Ages 11–12,30 glove,generic,
guide,softball,,,Ages 11–12,100 glove,generic,
guide,softball,,,Ages 13–14,34 inch bat,generic,
guide,softball,,,Ages 13–14,Metal cleats,generic,
guide,softball,,,Ages 13–14,Cleats,generic,
guide,softball,,,Ages 15+ (High school and travel),jerseys,generic,
guide,softball,,,Ages 15+ (High school and travel),batting gloves,generic,
guide,stunt,,,What you actually need,shoes,generic,
guide,stunt,,,What you actually need,sneakers,generic,
guide,stunt,,,What you actually need,Athletic tape,generic,
guide,stunt,,,What you actually need,tape,generic,
guide,swimming,,,What you actually need,Goggles,generic,
guide,swimming,,,What you actually need,8 goggles,generic,
guide,swimming,,,What you actually need,cap,generic,
guide,swimming,,,What you actually need,towel,generic,
guide,swimming,,,Used gear notes,caps,generic,
guide,swimming,,,What you can skip,bag,generic,
guide,tennis,,,What you actually need,adult racket,generic,
guide,tennis,,,What you actually need,shoes,generic,
guide,tennis,,,What you actually need,racket,generic,
guide,tennis,,,What you actually need,balls,generic,
guide,tennis,,,What you can skip,ball,generic,
guide,theater,,,intro,youth activity,generic,
guide,theater,,,Ages 5–7 (Starter / drama camp),shoes,generic,
guide,theater,,,Ages 5–7 (Starter / drama camp),pants,generic,
guide,theater,,,Ages 5–7 (Starter / drama camp),shirt,generic,
guide,theater,,,Ages 5–7 (Starter / drama camp),caps,generic,
guide,theater,,,Ages 5–7 (Starter / drama camp),water bottle,generic,
guide,theater,,,Ages 11–12 (Middle school and youth theater companies),Youth theater,generic,
guide,track-field,,,What you actually need,shoes,specific,
guide,track-field,,,What you actually need,shorts,generic,
guide,track-field,,,What you actually need,Socks,generic,
guide,track-field,,,What you can skip,backpack,generic,
guide,volleyball,,,intro,Shoes,generic,
guide,volleyball,,,intro,knee pads,generic,
guide,volleyball,,,intro,ball,generic,
guide,volleyball,,,intro,water bottle,generic,
guide,volleyball,,,Ages 5–7 (Mini-volley / Starter),youth volleyball,generic,
guide,volleyball,,,Ages 5–7 (Mini-volley / Starter),adult size,generic,
guide,volleyball,,,Ages 5–7 (Mini-volley / Starter),jerseys,generic,
guide,volleyball,,,Ages 5–7 (Mini-volley / Starter),shorts,generic,
guide,volleyball,,,Ages 5–7 (Mini-volley / Starter),shirt,generic,
guide,volleyball,,,Ages 5–7 (Mini-volley / Starter),balls,generic,
guide,volleyball,,,Ages 5–7 (Mini-volley / Starter),net,generic,
guide,volleyball,,,Ages 8–10,adult volleyball,generic,
guide,volleyball,,,Ages 11–12 (Middle school and travel),Mizuno LR6,specific,
guide,volleyball,,,Ages 13–14 (Middle school and serious club),bag,generic,
guide,volleyball,,,Ages 13–14 (Middle school and serious club),backpack,generic,
guide,volleyball,,,Ages 15+ (High school and serious club),Junior Nationals,generic,
resource,fair-lineup-spreadsheet,,,One last thing,bats,generic,
resource,local-sponsor-email-script,,,intro,youth teams,generic,
resource,local-sponsor-email-script,,,The email,youth baseball,generic,
resource,local-sponsor-email-script,,,The email,jerseys,generic,
resource,maxpreps-what-it-is,,,intro,MaxPreps,specific,
resource,maxpreps-what-it-is,,,What to skip,Hudl,specific,
resource,picture-day-pro-or-parent,,,"How to do it well, if you go the parent route",glove,generic,
resource,picture-day-pro-or-parent,,,"How to do it well, if you go the parent route",bat,generic,
resource,picture-day-pro-or-parent,,,"How to do it well, if you go the parent route",jerseys,generic,
resource,picture-day-the-shot-list,,,How to herd kids efficiently,stick,generic,
resource,practice-plan-parents-can-read,,,intro,youth coach,generic,
resource,practice-plan-parents-can-read,,,Why it works,youth level,generic,
resource,recruit-assistant-coaches,,,intro,youth teams,generic,
resource,recruit-assistant-coaches,,,Beyond the formal coaching staff,youth team,generic,
resource,recruit-assistant-coaches,,,A small honest note,youth coaches,generic,
resource,setting-up-gamechanger,,,intro,GameChanger,specific,
resource,setting-up-gamechanger,,,intro,youth baseball,generic,
resource,setting-up-gamechanger,,,What GameChanger does,bat,generic,
resource,setting-up-gamechanger,,,What to know before you start,stick,generic,
resource,snap-raise-honest-take,,,intro,Snap Raise,specific,
resource,snap-raise-honest-take,,,intro,ball,generic,
resource,snap-raise-honest-take,,,When to use which,goal,generic,
resource,snap-raise-honest-take,,,What to send to families before launching,jerseys,generic,
resource,starting-the-team-group-chat,,,Five group-chat rules I wish someone had told me,GameChanger,specific,
resource,t-ball-cones-stop-the-bunching,,,intro,ball,generic,
resource,t-ball-cones-stop-the-bunching,,,intro,cones,generic,
resource,t-ball-cones-stop-the-bunching,,,The setup,cone,generic,
resource,team-pizza-night-fundraiser,,,intro,youth team,generic,
resource,team-pizza-night-fundraiser,,,The trade-off,Snap Raise,specific,
resource,the-fair-substitution-rule,,,The inning-rotation pattern,bats,generic,
resource,the-fair-substitution-rule,,,The inning-rotation pattern,goal,generic,
resource,the-fair-substitution-rule,,,The email template before the season,bat,generic,
resource,the-fair-substitution-rule,,,What not to do,stick,generic,
resource,the-hard-parent-email-script,,,For the parent upset about playing time,bats,generic,
resource,the-snack-signup-that-fills,,,SignupGenius versus Google Form versus group chat,SignupGenius,specific,
resource,the-snack-signup-that-fills,,,The message that gets parents to sign up immediately,bag,generic,
resource,the-snack-signup-that-fills,,,The dietary-restriction note,water bottles,generic,
resource,travel-tournament-packing-list,,,intro,ball,generic,
resource,travel-tournament-packing-list,,,intro,bag,generic,
resource,travel-tournament-packing-list,,,For your kid,Glove,generic,
resource,travel-tournament-packing-list,,,For your kid,Bat,generic,
resource,travel-tournament-packing-list,,,For your kid,Helmet,generic,
resource,travel-tournament-packing-list,,,For your kid,Cleats,generic,
resource,travel-tournament-packing-list,,,For your kid,pants,generic,
resource,travel-tournament-packing-list,,,For your kid,socks,generic,
resource,travel-tournament-packing-list,,,For your kid,Hat,generic,
resource,travel-tournament-packing-list,,,For your kid,Water bottle,generic,
resource,travel-tournament-packing-list,,,For your kid,Sunscreen,generic,
resource,travel-tournament-packing-list,,,For yourself,GameChanger,specific,
resource,travel-tournament-packing-list,,,For the team,athletic tape,generic,
resource,travel-tournament-packing-list,,,For the team,tape,generic,
resource,travel-tournament-packing-list,,,The hotel essentials (for multi-day),towel,generic,
resource,travel-tournament-packing-list,,,The morning-of routine,water bottles,generic,
sizing,baseball,baseball,,Glove,glove,generic,
sizing,baseball,baseball,,Glove,5 inch,generic,
sizing,baseball,baseball,,Glove,12 inch,generic,
sizing,baseball,baseball,,Bat,bat,generic,
sizing,baseball,baseball,,Bat,USABat,specific,
sizing,baseball,baseball,,Bat,BBCOR,specific,
sizing,baseball,baseball,,Helmet,helmet,generic,
sizing,baseball,baseball,,Helmet,4 inch,generic,
sizing,baseball,baseball,,Helmet,NOCSAE,specific,
sizing,baseball,baseball,,Cleats,cleats,generic,
sizing,softball,softball,,Glove,glove,generic,
sizing,softball,softball,,Glove,11 inch,generic,
sizing,softball,softball,,Glove,12 inch,generic,
sizing,softball,softball,,Glove,5 inch,generic,
sizing,softball,softball,,Glove,13 inch,generic,
sizing,softball,softball,,Bat,bat,generic,
sizing,softball,softball,,Face mask and helmet,shin guard,generic,
sizing,soccer,soccer,,Cleats,cleats,generic,
sizing,soccer,soccer,,Shin guards,shin guard,generic,
sizing,soccer,soccer,,Shin guards,6-7 inch,generic,
sizing,soccer,soccer,,Shin guards,7-9 inch,generic,
sizing,soccer,soccer,,Shin guards,6 inch,generic,
sizing,soccer,soccer,,Shin guards,7 inch,generic,
sizing,soccer,soccer,,Shin guards,9 inch,generic,
sizing,basketball,basketball,,Shoes,shoes,generic,
sizing,basketball,basketball,,Ball,5 inch,generic,
sizing,basketball,basketball,,Mouthguard,NOCSAE,specific,
sizing,basketball,basketball,,Mouthguard,mouthguard,generic,
sizing,basketball,basketball,,Cleats,cleats,generic,
sizing,basketball,basketball,,Gloves,glove,generic,
sizing,basketball,basketball,,Gloves,stick,generic,
sizing,football,football,,Helmet,helmet,generic,
sizing,football,football,,Helmet,stick,generic,
sizing,football,football,,Helmet,NOCSAE,specific,
sizing,football,football,,Cleats,cleats,generic,
sizing,hockey,hockey,,Skates,cap,generic,
sizing,hockey,hockey,,Skates,skates,generic,
sizing,hockey,hockey,,Helmet,helmet,generic,
sizing,hockey,hockey,,Helmet,stick,generic,
sizing,hockey,hockey,,Helmet,HECC,specific,
sizing,lacrosse,lacrosse,,Stick,stick,generic,
sizing,lacrosse,lacrosse,,Stick,37-42 inch,generic,
sizing,lacrosse,lacrosse,,Stick,40-72 inch,generic,
sizing,lacrosse,lacrosse,,Stick,42 inch,generic,
sizing,lacrosse,lacrosse,,Stick,72 inch,generic,
sizing,lacrosse,lacrosse,,Stick,35-43 inch,generic,
sizing,lacrosse,lacrosse,,Stick,43 inch,generic,
sizing,lacrosse,lacrosse,,Stick,25 inch,generic,
sizing,lacrosse,lacrosse,,Helmet (boys),NOCSAE,specific,
sizing,lacrosse,lacrosse,,Helmet (boys),mouthguard,generic,
sizing,volleyball,volleyball,,Shoes,shoes,generic,
sizing,volleyball,volleyball,,Knee pads,cap,generic,
sizing,swimming,swimming,,Cap,cap,generic,
sizing,swimming,swimming,,Cold weather,glove,generic,
sizing,tennis,tennis,,Racket,19-21 inch,generic,
sizing,tennis,tennis,,Racket,21 inch,generic,
sizing,tennis,tennis,,Racket,21-23 inch,generic,
sizing,tennis,tennis,,Racket,23 inch,generic,
sizing,tennis,tennis,,Racket,23-25 inch,generic,
sizing,tennis,tennis,,Racket,25 inch,generic,
sizing,tennis,tennis,,Racket,25-26 inch,generic,
sizing,tennis,tennis,,Racket,26 inch,generic,
sizing,tennis,tennis,,Racket,27 inch,generic,
sizing,tennis,tennis,,Shoes,shoes,generic,
sizing,golf,golf,,Glove,glove,generic,
sizing,golf,golf,,Shoes,shoes,generic,
sizing,crew,crew,,Mouthguard and protection,shin guard,generic,
sizing,cheer,cheer,,Practice wear,shorts,generic,
sizing,theater,theater,,Dance shoes (musicals),shoes,generic,
sizing,choir,choir,,Concert attire,pants,generic,
