url,reason,note,domain
https://www.ussportscamps.com/news/volleyball/nike-volleyball-camps-massachusetts-2018-camp-locations,no_jsonld,,ussportscamps.com
https://www.ussportscamps.com/news/volleyball/florida-volleyball-camp-nike-sports-camps,no_jsonld,,ussportscamps.com
https://www.ussportscamps.com/volleyball/nike/nike-volleyball-camp-mt-vernon,no_events,JSON-LD present but no Event-type entries,ussportscamps.com
https://www.ussportscamps.com/news/volleyball/nike-sports-camps-new-texas-volleyball-camp-houston,no_jsonld,,ussportscamps.com
https://www.ussportscamps.com/news/volleyball/us-sports-camps-adds-volleyball-camp-location-in-anaheim-ca,fetch_error,HTTP 410,ussportscamps.com
https://www.ussportscamps.com/news/volleyball/new-nike-volleyball-camp-location-in-prescott-arizona-at-yavapai-college,no_jsonld,,ussportscamps.com
https://www.ussportscamps.com/news/volleyball/new-camp-nike-volleyball-camps-at-university-of-maryland-eastern-shore,no_jsonld,,ussportscamps.com
https://www.ussportscamps.com/news/volleyball/nike-volleyball-camps-has-released-camp-dates-and-locations-for-2017,no_jsonld,,ussportscamps.com
https://www.ussportscamps.com/volleyball/nike/nike-volleyball-camp-longmont,no_events,JSON-LD present but no Event-type entries,ussportscamps.com
https://www.ussportscamps.com/news/volleyball/us-sports-camps-announces-2012-nike-volleyball-camp-schedule,no_jsonld,,ussportscamps.com
https://www.ussportscamps.com/volleyball/nike/nike-volleyball-camp-inglemoor-high-school,no_events,JSON-LD present but no Event-type entries,ussportscamps.com
https://www.ussportscamps.com/volleyball/nike/nike-beach-volleyball-camp-santa-monica,no_events,JSON-LD present but no Event-type entries,ussportscamps.com
https://www.ussportscamps.com/volleyball/nike/nike-volleyball-camp-la-verne,no_events,JSON-LD present but no Event-type entries,ussportscamps.com
https://www.ussportscamps.com/volleyball/nike/nike-volleyball-camp-mckinney-texas,no_events,JSON-LD present but no Event-type entries,ussportscamps.com
https://www.ussportscamps.com/volleyball/nike/nike-volleyball-camp-boys-las-vegas,no_events,JSON-LD present but no Event-type entries,ussportscamps.com
https://www.ussportscamps.com/volleyball/nike/nike-volleyball-camp-agnes-scott-college,no_events,JSON-LD present but no Event-type entries,ussportscamps.com
https://www.ussportscamps.com/volleyball/nike/nike-volleyball-camp-framingham-state-university,no_events,JSON-LD present but no Event-type entries,ussportscamps.com
https://www.ussportscamps.com/volleyball/nike/nike-volleyball-camp-columbus-catholic-hs,no_events,JSON-LD present but no Event-type entries,ussportscamps.com
https://www.ussportscamps.com/volleyball/nike/nike-volleyball-camp-wisconsin-dells,no_events,JSON-LD present but no Event-type entries,ussportscamps.com
